{
  "apartment_1": {
    "circle_in": {
      "mean": 260.4,
      "std": 354.9194274761527
    },
    "circle_out": {
      "mean": 83.4,
      "std": 139.913544733882
    },
    "figure8": {
      "mean": 192.2,
      "std": 187.71041526777356
    },
    "straight_fb": {
      "mean": 78.6,
      "std": 135.2545747839976
    },
    "zig": {
      "mean": 214.2,
      "std": 207.82372338113856
    }
  },
  "skokloster-castle": {
    "circle_in": {
      "mean": 381.8,
      "std": 360.46594846115494
    },
    "circle_out": {
      "mean": 372.8,
      "std": 230.7307955172001
    },
    "figure8": {
      "mean": 558.2,
      "std": 438.9182156165315
    },
    "straight_fb": {
      "mean": 124.4,
      "std": 96.6271183467664
    },
    "zig": {
      "mean": 346,
      "std": 121.29097245879431
    }
  },
  "van-gogh-room": {
    "circle_in": {
      "mean": 574,
      "std": 199.81366319648913
    },
    "circle_out": {
      "mean": 392.8,
      "std": 246.41063288746287
    },
    "figure8": {
      "mean": 454,
      "std": 222.63759790295978
    },
    "straight_fb": {
      "mean": 90.8,
      "std": 70.19757830580767
    },
    "zig": {
      "mean": 307,
      "std": 361.46438275437316
    }
  }
}