{
  "apartment_1": {
    "circle_in": 0.3359896889538972,
    "circle_out": 0.230811432129448,
    "figure8": 0.3936517325178299,
    "straight_fb": 0.32531286009105254,
    "zig": 0.29757947543930463
  },
  "skokloster-castle": {
    "circle_in": 1.6458867017658605,
    "circle_out": 1.2343694540849994,
    "figure8": 1.1584228506983345,
    "straight_fb": 1.2539349301651557,
    "zig": 1.7282962382576867
  },
  "van-gogh-room": {
    "circle_in": 0.3023739056613091,
    "circle_out": 0.6655845058447594,
    "figure8": 0.30814833198794694,
    "straight_fb": 0.01085887470690795,
    "zig": 0.06262666956035494
  }
}