{
  "apartment_1": {
    "circle_in": [
      0.012425462483507876,
      0.007050063141636121,
      0.005093305324845295,
      0.0078053176105381105,
      0.009270439801402644,
      0.010158953048442582,
      0.025877710754406435,
      0.03375336996048437,
      0.037742351959853725,
      0.04844084668298697,
      0.04691850681246851,
      0.05518147685232329,
      0.07100290092566694,
      0.07929823791430476,
      0.0867711980838513,
      0.09887668113729463,
      0.10795390576014824,
      0.13474447995859895,
      0.1503997823138558,
      0.16977598630158694,
      0.19159149104522183,
      0.2080697451222856,
      0.22267941625403145,
      0.2312106497399652,
      0.24324223387462923,
      0.2520498414962019,
      0.26366982231932323,
      0.28623036795543844,
      0.3125663204744332,
      0.3359896889538972
    ],
    "circle_out": [
      -0.0,
      -0.0,
      -0.0,
      0.004305425081153718,
      0.014115097027424807,
      0.014917878727083974,
      0.011936434264007026,
      0.019459972086102915,
      0.019369041035944452,
      0.024678517297755356,
      0.031117587695632307,
      0.03947741785605082,
      0.040780336076292584,
      0.049641109768541004,
      0.051048715117512536,
      0.05835934253877325,
      0.0782778376275351,
      0.09813743090429733,
      0.10431262814071462,
      0.11385123625576245,
      0.12794969524859587,
      0.13409257699247404,
      0.14168503961011114,
      0.1510998389800486,
      0.15551648124639295,
      0.16884830750743485,
      0.1886023855418786,
      0.20015467426706826,
      0.21158226567551075,
      0.230811432129448
    ],
    "figure8": [
      -0.0,
      0.008579309569995057,
      0.004916880756833166,
      0.0074426853718333776,
      0.00597894873863979,
      0.014580641812118888,
      0.03260892094669817,
      0.056497715986324366,
      0.07133570434841312,
      0.09534276634908417,
      0.10625670952689241,
      0.11933755088129155,
      0.15035217759911565,
      0.15272778371816725,
      0.15483908159405313,
      0.16047498983280023,
      0.1913572677099019,
      0.19950207821474036,
      0.222993920170683,
      0.24822306797601734,
      0.2628412958820796,
      0.2853268188478437,
      0.2942515407085906,
      0.30301622983187604,
      0.320735788056303,
      0.33495688399639595,
      0.3502176902000015,
      0.35214467028212376,
      0.373198617661825,
      0.3936517325178299
    ],
    "straight_fb": [
      -0.0,
      -0.0,
      0.008967625411418476,
      0.01358794940903259,
      0.0212054287930482,
      0.05594805570583028,
      0.0830557875640798,
      0.10973114255851449,
      0.11646532975548834,
      0.13564296869291081,
      0.154516915920697,
      0.16841145037991162,
      0.17588898006713832,
      0.18601431252588002,
      0.17777308665146097,
      0.16947428447495255,
      0.1829079336123946,
      0.19865765905801103,
      0.19174521523071353,
      0.1985284127943585,
      0.2143496349100389,
      0.20873071432230011,
      0.23388520462891324,
      0.2601238387350375,
      0.2858994493052979,
      0.28192249574627226,
      0.2794134252405427,
      0.3028936241938356,
      0.3030466818865236,
      0.32531286009105254
    ],
    "zig": [
      -0.0,
      -0.0,
      0.008815216065432873,
      0.01395281300171177,
      0.023412358016731954,
      0.026061727546713185,
      0.03335931044777937,
      0.03674904560642268,
      0.03398035973431465,
      0.03872496796575077,
      0.06377813154977405,
      0.059551472902827404,
      0.05788073235925871,
      0.06599160901610907,
      0.07418118588027954,
      0.08364844256750124,
      0.09681607692595692,
      0.10390283251567682,
      0.11253914292716491,
      0.14590026789924165,
      0.17093668109327326,
      0.19469238298530894,
      0.2195478062850753,
      0.23474058619798055,
      0.2525730204705537,
      0.26262615837954906,
      0.26450617731311765,
      0.2813119258665451,
      0.2859477953633457,
      0.29757947543930463
    ]
  },
  "skokloster-castle": {
    "circle_in": [
      -0.0,
      0.0439453125,
      0.09799449870355072,
      0.1690673828125,
      0.23540926887397462,
      0.31622024029179113,
      0.3992194262635037,
      0.49736819973884494,
      0.5866953096858535,
      0.6934428482483882,
      0.756745553819925,
      0.8477842464828461,
      0.8997630013371432,
      0.9816915880683124,
      1.0362265781983242,
      1.0674704451570611,
      1.1094365996978341,
      1.1426565559773136,
      1.188532703014267,
      1.218070441035366,
      1.2672708773345756,
      1.3060584555350603,
      1.3452560926751476,
      1.3887200485488118,
      1.4224789902115946,
      1.4561234349074834,
      1.508960354199051,
      1.5509105272876318,
      1.6038076051784609,
      1.6458867017658605
    ],
    "circle_out": [
      0.0107421875,
      0.03259081110309919,
      0.05566085030708204,
      0.12276407608533238,
      0.19381949394893272,
      0.2631216238027955,
      0.3179657139410527,
      0.3638192018436904,
      0.4336142773163151,
      0.48789064827753004,
      0.5528764401475349,
      0.5977860024244461,
      0.631324600263788,
      0.6879700015167893,
      0.735229796260612,
      0.7703773311085849,
      0.8280202308385722,
      0.8645267834412769,
      0.9017504605900833,
      0.9294796715842735,
      0.9527118159283863,
      0.9845594492841098,
      1.026207879618462,
      1.0636278613031278,
      1.1064947423373233,
      1.130936578704917,
      1.1584876470874936,
      1.1887988839980963,
      1.2147105581998359,
      1.2343694540849994
    ],
    "figure8": [
      -0.0,
      0.016789309545555763,
      0.038082127264183405,
      0.05886297987862077,
      0.12635162668095948,
      0.21427676400367074,
      0.29683433689170213,
      0.34846643378873554,
      0.40116030688426085,
      0.44958546817622963,
      0.49530100006480454,
      0.5343749486560327,
      0.566042977944776,
      0.6169136157840707,
      0.6540508935083175,
      0.6877741054380047,
      0.7339783966042264,
      0.7686760504429335,
      0.7968851201888025,
      0.8258008277802048,
      0.8699926222449574,
      0.9018928677779575,
      0.9347865633039755,
      0.9611006856903451,
      0.9924815392576098,
      1.0355331460402732,
      1.070740231226391,
      1.0997457082736513,
      1.128807020881247,
      1.1584228506983345
    ],
    "straight_fb": [
      0.0107421875,
      0.0498046875,
      0.07988501587371828,
      0.132080078125,
      0.18641842639223674,
      0.23977473145798903,
      0.337963780336651,
      0.427490234375,
      0.49325369658490503,
      0.5835193781881729,
      0.6317623479773748,
      0.7231803309476315,
      0.7917376741989887,
      0.8842099290693436,
      0.9400917875552329,
      1.0192622414718118,
      1.0789885272177457,
      1.1103897500061541,
      1.178467054237718,
      1.230790133687941,
      1.2051425139229468,
      1.1874945550759985,
      1.2361768865018277,
      1.2179488418650695,
      1.251592674992291,
      1.2416962996033407,
      1.27083802489045,
      1.2663347502278965,
      1.2580420561836991,
      1.2539349301651557
    ],